"Reference","Value","Footprint","Datasheet","Description","Qty","#","Height","Length","Tape","Width","DNP","Exclude from BOM"
"C1,C2","10pF","Capacitor_SMD:C_0603_1608Metric","https://wmsc.lcsc.com/wmsc/upload/file/pdf/v2/lcsc/2304140030_Samsung-Electro-Mechanics-CL10C100JB8NNNC_C1634.pdf","50V 10pF C0G ±5% 0603 Multilayer Ceramic Capacitors MLCC - SMD/SMT ROHS","2","C1634",".8","1.6","8x4",".8","",""
"C5,C6,C7,C8,C9,C10,C11,C12,C13,C14,C17,C20,C27,C28,C30,C31,C35,C36,C37,C38,C39,C40,C41,C42,C43,C44,C45,C46,C47,C48,C49,C50,C51,C52,C53,C54,C55,C57,C58,C59,C60,C61,C62,C63,C64,C65,C66,C67,C68,C69,C70,C71,C72,C73,C74,C75,C76,C77,C79","100nF","Capacitor_SMD:C_0603_1608Metric","https://wmsc.lcsc.com/wmsc/upload/file/pdf/v2/lcsc/2211101700_YAGEO-CC0603KRX7R9BB104_C14663.pdf","50V 100nF X7R ±10% 0603 Multilayer Ceramic Capacitors MLCC - SMD/SMT ROHS","59","C14663",".8","1.6","8x4",".8","",""
"C25,C29,C56,C78","1uF","Capacitor_SMD:C_0603_1608Metric","https://wmsc.lcsc.com/wmsc/upload/file/pdf/v2/lcsc/2304140030_Samsung-Electro-Mechanics-CL10A105KB8NNNC_C15849.pdf","50V 1uF X5R ±10% 0603 Multilayer Ceramic Capacitors MLCC - SMD/SMT ROHS","4","C15849",".8","1.6","",".8","",""
"C3,C4","2.2u","Capacitor_SMD:C_0603_1608Metric","https://lcsc.com/datasheet/lcsc_datasheet_2411220213_FH--Guangdong-Fenghua-Advanced-Tech-0603B225K160NT_C43922.pdf","16V 2.2uF X7R ±10% 0603 Multilayer Ceramic Capacitors MLCC - SMD/SMT ROHS","2","C43922",".8","1.6","8x4",".8","",""
"C15,C16,C24,C26","4.7uF","Capacitor_SMD:C_0805_2012Metric","https://wmsc.lcsc.com/wmsc/upload/file/pdf/v2/lcsc/2204111630_FH--Guangdong-Fenghua-Advanced-Tech-0805B475K500NT_C2991173.pdf","50V 4.7uF X7R ±10% 0805 Multilayer Ceramic Capacitors MLCC - SMD/SMT ROHS","4","C2991173","","","","","",""
"L2","6.8uH","Inductor_SMD:L_12x12mm_H8mm","https://wmsc.lcsc.com/wmsc/upload/file/pdf/v2/lcsc/2304140030_YJYCOIN-YPRH1207-6R8M_C339948.pdf","6.2A 6.8uH ±20% SMD,12x12mm Power Inductors ROHS","1","C339948","","","","","",""
"L1","12uH","Inductor_SMD:L_12x12mm_H8mm","https://wmsc.lcsc.com/wmsc/upload/file/pdf/v2/lcsc/2304140030_YJYCOIN-YPRH1207-120M_C504029.pdf","4.9A 12uH ±20% SMD,12x12mm Power Inductors ROHS","1","C504029","","","","","",""
"C18,C19,C21,C22,C23,C32,C33,C34","22uF","Capacitor_SMD:C_1206_3216Metric","https://wmsc.lcsc.com/wmsc/upload/file/pdf/v2/lcsc/2304140030_Samsung-Electro-Mechanics-CL31A226KAHNNNE_C12891.pdf","25V 22uF X5R ±10% 1206 Multilayer Ceramic Capacitors MLCC - SMD/SMT ROHS","8","C12891","1.6","3.2","","1.6","",""
"R8","47","Resistor_SMD:R_0603_1608Metric","https://wmsc.lcsc.com/wmsc/upload/file/pdf/v2/lcsc/2206010116_UNI-ROYAL-Uniroyal-Elec-0603WAF470JT5E_C23182.pdf","100mW Thick Film Resistors 75V ±100ppm/℃ ±1% 47Ω 0603 Chip Resistor - Surface Mount ROHS","1","C23182",".45","1.6","8x4",".8","",""
"R3","120","Resistor_SMD:R_0603_1608Metric","https://wmsc.lcsc.com/wmsc/upload/file/pdf/v2/lcsc/2206010130_UNI-ROYAL-Uniroyal-Elec-0603WAF1201T5E_C22765.pdf","100mW Thick Film Resistors 75V ±100ppm/℃ ±1% 1.2kΩ 0603 Chip Resistor - Surface Mount ROHS","1","C22765",".45","1.6","8x4",".8","DNP",""
"R4","680","Resistor_SMD:R_0603_1608Metric","https://wmsc.lcsc.com/wmsc/upload/file/pdf/v2/lcsc/2206010100_UNI-ROYAL-Uniroyal-Elec-0603WAF6800T5E_C23228.pdf","100mW Thick Film Resistors 75V ±100ppm/℃ ±1% 680Ω 0603 Chip Resistor - Surface Mount ROHS","1","C23228",".45","1.6","8x4",".8","",""
"R11,R28,R29,R30,R31,R32,R33,R34,R35,R66,R67,R68,R69,R70,R71,R72,R73,R74,R75,R76,R77,R78,R79,R80,R81,R82,R83,R84,R85,R86,R87,R88,R89,R90,R91,R92,R93,R94,R95,R96,R97,R104","1K","Resistor_SMD:R_0603_1608Metric","https://wmsc.lcsc.com/wmsc/upload/file/pdf/v2/lcsc/2206010130_UNI-ROYAL-Uniroyal-Elec-0603WAF1001T5E_C21190.pdf","100mW Thick Film Resistors 75V ±100ppm/℃ ±1% 1kΩ 0603 Chip Resistor - Surface Mount ROHS","42","C21190",".45","1.6","8x4",".8","",""
"RV1","2K","openPNP:RES-ADJ-SMD_G43AT","https://datasheet.lcsc.com/lcsc/2304140030_Tokyo-Cosmos-Elec-G43AT-B202_C128157.pdf?_gl=1*1i3eklc*_gcl_aw*R0NMLjE3MTgwNjc2ODQuRUFJYUlRb2JDaE1JeHVhMnNhelNoZ01WYmFobUFoMVpJZzJhRUFBWUFTQUFFZ0tjN19EX0J3RQ..*_gcl_au*NzE3MjE2NTQ3LjE3MTc4MTA3OTc.*_ga*MTA5OTM3NDU3Ny4xNzE3ODEwNDk4*_ga_98M84MKSZH*MTcxODA2Njc2OS4xNy4xLjE3MTgwNzIyOTguNjAuMC4w","±20% 2kΩ SMD Variable Resistors/Potentiometers ROHS","1","C128157",".45","1.6","8x4",".8","",""
"R7","2.4K","Resistor_SMD:R_0603_1608Metric","https://wmsc.lcsc.com/wmsc/upload/file/pdf/v2/lcsc/2206010130_UNI-ROYAL-Uniroyal-Elec-0603WAF2401T5E_C22940.pdf","100mW Thick Film Resistors 75V ±100ppm/℃ ±1% 2.4kΩ 0603 Chip Resistor - Surface Mount ROHS","1","C22940",".45","1.6","8x4",".8","",""
"R6","5.23K","Resistor_SMD:R_0603_1608Metric","https://wmsc.lcsc.com/wmsc/upload/file/pdf/v2/lcsc/2206010116_UNI-ROYAL-Uniroyal-Elec-0603WAF5231T5E_C23068.pdf","100mW Thick Film Resistors 75V ±100ppm/℃ ±1% 5.23kΩ 0603 Chip Resistor - Surface Mount ROHS","1","C23068",".45","1.6","8x4",".8","",""
"R20,R22,R24,R26,R58,R60,R62,R64","5.6K","Resistor_SMD:R_0603_1608Metric","https://wmsc.lcsc.com/wmsc/upload/file/pdf/v2/lcsc/2206010116_UNI-ROYAL-Uniroyal-Elec-0603WAF5601T5E_C23189.pdf","100mW Thick Film Resistors 75V ±100ppm/℃ ±1% 5.6kΩ 0603 Chip Resistor - Surface Mount ROHS","8","C23189",".45","1.6","8x4",".8","",""
"R1,R2,R16,R17,R18,R19,R21,R23,R25,R27,R36,R37,R38,R39,R40,R41,R42,R43,R44,R45,R46,R47,R48,R49,R54,R55,R56,R57,R59,R61,R63,R65,R98,R99,R100,R101,R102,R103,R105,R106,R107,R108","10K","Resistor_SMD:R_0603_1608Metric","https://wmsc.lcsc.com/wmsc/upload/file/pdf/v2/lcsc/2206010045_UNI-ROYAL-Uniroyal-Elec-0603WAF1002T5E_C25804.pdf","100mW Thick Film Resistors 75V ±100ppm/℃ ±1% 10kΩ 0603 Chip Resistor - Surface Mount ROHS","42","C25804",".45","1.6","8x4",".8","",""
"R10","13.7K","Resistor_SMD:R_0603_1608Metric","https://wmsc.lcsc.com/wmsc/upload/file/pdf/v2/lcsc/2206010130_UNI-ROYAL-Uniroyal-Elec-0603WAF1372T5E_C22793.pdf","100mW Thick Film Resistors 75V ±100ppm/℃ ±1% 13.7kΩ 0603 Chip Resistor - Surface Mount ROHS","1","C22793",".45","1.6","8x4",".8","",""
"R5,R9","100K","Resistor_SMD:R_0603_1608Metric","https://wmsc.lcsc.com/wmsc/upload/file/pdf/v2/lcsc/2206010045_UNI-ROYAL-Uniroyal-Elec-0603WAF1003T5E_C25803.pdf","100mW Thick Film Resistors 75V ±100ppm/℃ ±1% 100kΩ 0603 Chip Resistor - Surface Mount ROHS","2","C25803",".45","1.6","8x4",".8","",""
"R12,R13,R14,R15,R50,R51,R52,R53","470K","Resistor_SMD:R_0603_1608Metric","https://wmsc.lcsc.com/wmsc/upload/file/pdf/v2/lcsc/2206010116_UNI-ROYAL-Uniroyal-Elec-0603WAF4703T5E_C23178.pdf","100mW Thick Film Resistors 75V ±100ppm/℃ ±1% 470kΩ 0603 Chip Resistor - Surface Mount ROHS","8","C23178",".45","1.6","8x4",".8","",""
"Y1","8Mhz","Crystal:Crystal_SMD_3225-4Pin_3.2x2.5mm","https://datasheet.lcsc.com/lcsc/2008261838_Suzhou-Liming-Elec-3225-8-00-12-10-10-A_C518155.pdf?_gl=1*1pnov5a*_ga*MTA5OTM3NDU3Ny4xNzE3ODEwNDk4*_ga_98M84MKSZH*MTcxNzg0NTQ5Mi42LjAuMTcxNzg0NTQ5Mi42MC4wLjA.","8MHz  12pF ±10ppm ±10ppm SMD3225-4P Crystals ROHS","1","C518155","","","","","",""
"FB1","380mΩ ±25% 600Ω@100MHz 0603 Ferrite Beads ROHS","Inductor_SMD:L_0603_1608Metric","https://datasheet.lcsc.com/lcsc/2304140030_Chilisin-Elec-PBY160808T-601Y-N_C108301.pdf?_gl=1*1mhva7q*_ga*MTA5OTM3NDU3Ny4xNzE3ODEwNDk4*_ga_98M84MKSZH*MTcxODEyMjc4NS4yMi4xLjE3MTgxMjY1OTcuNjAuMC4w","200mΩ ±25% 600Ω@100MHz 0603 Ferrite Beads ROHS","1","C108301",".8","1.6","8x4",".8","",""
"U8,U9,U10,U11,U12,U13,U14,U21,U22,U23","74HC2G34","Package_TO_SOT_SMD:SOT-363_SC-70-6","https://datasheet.lcsc.com/lcsc/1809191825_Texas-Instruments-SN74LVC2G34DCKR_C14461.pdf?_gl=1*1ffdqdj*_ga*MTA5OTM3NDU3Ny4xNzE3ODEwNDk4*_ga_98M84MKSZH*MTcxODA3ODI1MC4xOS4xLjE3MTgwODI5MzkuNjAuMC4w","1 32mA 1.65V~5.5V 32mA 2 SOT-363-6 Buffer/Driver/Transceiver ROHS","10","C14461","","","","","",""
"U3","AMS1117-3.3","Package_TO_SOT_SMD:SOT-223-3_TabPin2","https://datasheet.lcsc.com/lcsc/2403191525_UMW-Youtai-Semiconductor-Co---Ltd--AMS1117-3-3_C347222.pdf?_gl=1*1f3mar4*_ga*MTA5OTM3NDU3Ny4xNzE3ODEwNDk4*_ga_98M84MKSZH*MTcxODEyMjc4NS4yMi4xLjE3MTgxMjc3MzAuMzYuMC4w","1A 60dB@(120Hz) Fixed 3.3V Positive electrode 12V SOT-223 Linear Voltage Regulators (LDO) ROHS","1","C347222","","","","","",""
"J16,J17,J20","Conn_01x02_Pin","Connector_PinHeader_2.54mm:PinHeader_1x02_P2.54mm_Vertical","https://www.lcsc.com/datasheet/lcsc_datasheet_2411121101_HCTL-PZ254-1-02-Z-8-5_C3012204.pdf","3A Straight Policy 2.5mm 2P 6mm -40℃~+105℃ 3mm 2.54mm Brass Black Single Row 1x2P Plugin,P=2.54mm Pin Headers ROHS","3","C3012204","","","","","",""
"J14,J15,J18,J23,J24,J25,J26,J27,J28,J29,J30,J31,J32,J33,J34,J35,J36,J37,J38,J39,J40,J41,J42","Conn_01x03_Pin","Connector_PinHeader_2.54mm:PinHeader_1x03_P2.54mm_Vertical","https://datasheet.lcsc.com/lcsc/2403051744_HCTL-PZ254-1-03-Z-8-5_C2894926.pdf?_gl=1*skd3og*_ga*MTA5OTM3NDU3Ny4xNzE3ODEwNDk4*_ga_98M84MKSZH*MTcxODA2Njc2OS4xNy4xLjE3MTgwNjg3ODQuNi4wLjA.https://datasheet.lcsc.com/lcsc/2403051744_HCTL-PZ254-1-03-Z-8-5_C2894926.pdf?_gl=1*skd3og*_ga*MTA5OTM3NDU3Ny4xNzE3ODEwNDk4*_ga_98M84MKSZH*MTcxODA2Njc2OS4xNy4xLjE3MTgwNjg3ODQuNi4wLjA.","3A Straight Square Pins 2.5mm 260℃@10S 3P 6mm -40℃~+105℃ 3mm 2.54mm Plugin Black Brass 1x3P Plugin,P=2.54mm Pin Headers ROHS","23","C2894926","","","","","",""
"J13","Conn_ARM_JTAG_SWD_10","Connector_PinHeader_1.27mm:PinHeader_2x05_P1.27mm_Vertical_SMD","https://datasheet.lcsc.com/lcsc/2304140030_Amphenol-ICC-20021121-00010C4LF_C150517.pdf?_gl=1*4jlz8i*_ga*MTA5OTM3NDU3Ny4xNzE3ODEwNDk4*_ga_98M84MKSZH*MTcxODA3ODI1MC4xOS4xLjE3MTgwODg4ODUuNjAuMC4w","Brick nogging 10P 1.27mm 双排 Black Copper Alloy 2x5P 1.27mm SMD,P=1.27mm Pin Headers ROHS","1","C150517","","","","","",""
"U7,U17,U18,U19,U20","ELQ3H4(TA)-G","Package_SO:SOP-16_4.4x10.4mm_P1.27mm","https://datasheet.lcsc.com/lcsc/1810301025_Everlight-Elec-ELQ3H4-TA-G_C150957.pdf?_gl=1*12snq9y*_gcl_aw*R0NMLjE3MTc5NzkyNzEuRUFJYUlRb2JDaE1JczdISnZlUFBoZ01WZlMtREF4MDVMQWJ4RUFBWUFTQUFFZ0tkVWZEX0J3RQ..*_gcl_au*NzE3MjE2NTQ3LjE3MTc4MTA3OTc.*_ga*MTA5OTM3NDU3Ny4xNzE3ODEwNDk4*_ga_98M84MKSZH*MTcxNzk3OTMxNi4xNC4xLjE3MTc5ODA5NzQuNTkuMC4w","80V 3.75kV 50mA 100mV@1mA,20mA 4 1.2V AC,DC SSOP-16-175mil-1.27mm Transistor Output Optocoupler ROHS","5","C150957","","","","","",""
"FID1,FID2,FID3,FID4,FID5,FID6","Fiducial","Fiducial:Fiducial_1mm_Mask2mm","~","Fiducial Marker","6","","","","","","","Excluded from BOM"
"D1,D2,D3,D4","LED","LED_SMD:LED_0805_2012Metric","https://wmsc.lcsc.com/wmsc/upload/file/pdf/v2/lcsc/1806151820_Hubei-KENTO-Elec-KT-0805G_C2297.pdf","Emerald 0805 Light Emitting Diodes (LED) ROHS","4","C2297",".8","2","8x4","1.25","",""
"U25","LM358","Package_SO:SOIC-8_3.9x4.9mm_P1.27mm","https://datasheet.lcsc.com/lcsc/2304140030_onsemi-LM358DR2G_C7950.pdf?_gl=1*1elc7hh*_ga*MTA5OTM3NDU3Ny4xNzE3ODEwNDk4*_ga_98M84MKSZH*MTcxODA3ODI1MC4xOS4xLjE3MTgwODM3MzYuNjAuMC4w","45nA Dual 1MHz SOIC-8 Operational Amplifier ROHS","1","C7950","","","","","",""
"U4,U5","LMR51430","Package_TO_SOT_SMD:SOT-23-6","https://www.ti.com/lit/ds/symlink/lmr51430.pdf","600mV~34.2V 4.5V~36V 3A SOT-23-6-THIN(DDC) DC-DC Converters ROHS","2","C5219260","","","","","",""
"U2","MAX3078E","Package_SO:SOIC-8_3.9x4.9mm_P1.27mm","https://datasheet.lcsc.com/lcsc/2304140030_HGSEMI-MAX3078EM-TR_C336020.pdf?_gl=1*1x8wef*_ga*MTA5OTM3NDU3Ny4xNzE3ODEwNDk4*_ga_98M84MKSZH*MTcxODA3ODI1MC4xOS4xLjE3MTgwODQwMTkuNjAuMC4w","transceiver 500Kbps 1/1 SOP-8 RS-485/RS-422 ICs ROHS","1","C336020","","","","","",""
"U6,U15","MCP6004","Package_SO:TSSOP-14_4.4x5mm_P0.65mm","https://datasheet.lcsc.com/lcsc/2304140030_Microchip-Tech-MCP6004T-I-ST_C50282.pdf?_gl=1*o5s3gq*_ga*MTA5OTM3NDU3Ny4xNzE3ODEwNDk4*_ga_98M84MKSZH*MTcxODA3ODI1MC4xOS4xLjE3MTgwODMwOTkuNTIuMC4w","1pA Quad 1MHz TSSOP-14 Operational Amplifier ROHS","2","C50282","","","","","",""
"H1,H2,H3,H4","MountingHole_Pad","MountingHole:MountingHole_3.2mm_M3_Pad_Via","~","Mounting Hole with connection","4","","","","","","DNP","Excluded from BOM"
"J6,J8,J12,J21","Screw_Terminal_01x02","openPNP:CONN-TH_2P-P3.81_WJ15EDGRC-3.81-2P","https://datasheet.lcsc.com/lcsc/1912251632_Ningbo-Kangnex-Elec-WJ15EDGRC-3-81-2P_C8387.pdf?_gl=1*cugvrl*_ga*MTA5OTM3NDU3Ny4xNzE3ODEwNDk4*_ga_98M84MKSZH*MTcxODA3ODI1MC4xOS4xLjE3MTgwODU5MTIuNjAuMC4w","2 Bend 1 3.81mm 1x2P Green Board Edge/Receptacle-Close Push-Pull,P=3.81mm Pluggable System Terminal Block ROHS","4","C8387","","","","","",""
"J4,J5","Screw_Terminal_01x06","openPNP:CONN-TH_WJ15EDGRC-3.81-6P","https://datasheet.lcsc.com/lcsc/1912251632_Ningbo-Kangnex-Elec-WJ15EDGRC-3-81-6P_C7246.pdf?_gl=1*ku9miw*_ga*MTA5OTM3NDU3Ny4xNzE3ODEwNDk4*_ga_98M84MKSZH*MTcxODA3ODI1MC4xOS4xLjE3MTgwODU3MjcuNjAuMC4w","6 Bend 1 3.81mm 1x6P Green Board Edge/Receptacle-Close Push-Pull,P=3.81mm Pluggable System Terminal Block ROHS","2","C7246","","","","","",""
"J1,J2,J3,J7,J9,J10","Screw_Terminal_01x08","openPNP:CONN-TH_8P-P3.81_WJ15EDGRC-3.81-8P","https://datasheet.lcsc.com/lcsc/1912251636_Ningbo-Kangnex-Elec-WJ15EDGRC-3-81-8P_C14235.pdf?_gl=1*ocebmd*_ga*MTA5OTM3NDU3Ny4xNzE3ODEwNDk4*_ga_98M84MKSZH*MTcxODA3ODI1MC4xOS4xLjE3MTgwODU2NDYuNDcuMC4w","8 Bend 1 3.81mm 1x8P Green Board Edge/Receptacle-Close Push-Pull,P=3.81mm Pluggable System Terminal Block ROHS","6","C14235","","","","","",""
"J19","Screw_Terminal_01x02x5","openPNP:CONN-TH_2P-P5.08_WJ2EDGRC-5.08-2P","https://datasheet.lcsc.com/lcsc/1912251631_Ningbo-Kangnex-Elec-WJ2EDGRC-5-08-2P_C3697.pdf?_gl=1*1y5nivd*_ga*MTA5OTM3NDU3Ny4xNzE3ODEwNDk4*_ga_98M84MKSZH*MTcxODA3ODI1MC4xOS4xLjE3MTgwODY0NzYuNTEuMC4w","2 Bend 1 5.08mm 1x2P Green Board Edge/Receptacle-Close Push-Pull,P=5.08mm Pluggable System Terminal Block ROHS","1","C3697","","","","","",""
"J11,J22","Screw_Terminal_01x04x3","openPNP:CONN-TH_WJ15EDGRC-3.81-4P","https://datasheet.lcsc.com/lcsc/1912251632_Ningbo-Kangnex-Elec-WJ15EDGRC-3-81-4P_C7245.pdf?_gl=1*1b930w0*_ga*MTA5OTM3NDU3Ny4xNzE3ODEwNDk4*_ga_98M84MKSZH*MTcxODEyMjc4NS4yMi4xLjE3MTgxMjM4MDQuNjAuMC4w","4 Bend 1 3.81mm 1x4P Green Board Edge/Receptacle-Close Push-Pull,P=3.81mm Pluggable System Terminal Block ROHS","2","C7245","","","","","",""
"U1","STM32F407VETx","Package_QFP:LQFP-100_14x14mm_P0.5mm","https://www.st.com/resource/en/datasheet/stm32f407ve.pdf","STMicroelectronics Arm Cortex-M4 MCU, 512KB flash, 192KB RAM, 168 MHz, 1.8-3.6V, 82 GPIO, LQFP100","1","C28730","1.45","14","Tray","14","",""
"SW1,SW2","SW_Push","Button_Switch_SMD:SW_Push_1P1T_XKB_TS-1187A","https://wmsc.lcsc.com/wmsc/upload/file/pdf/v2/lcsc/2304140030_XKB-Connection-TS-1187A-B-A-B_C318884.pdf","No Without 50mA 5.1mm 100,000 Times 160gf 12V 5.1mm 1.5mm Round Button Brick nogging SPST SMD Tactile Switches ROHS","2","C318884","1.5","5.1","","6.5","",""
"U16","ULN2803A","Package_SO:SOP-18_7.495x11.515mm_P1.27mm","https://www.lcsc.com/datasheet/lcsc_datasheet_2410251531_UMW-Youtai-Semiconductor-Co---Ltd--ULN2803A_C845537.pdf","OCTAL 50V 500mA SOP-18-300mil Darlington Transistor Arrays ROHS","1","C845537","","11.6","","10.6","",""
"J43","USB_B","openPNP:USB-B_TH_BF90","https://datasheet.lcsc.com/lcsc/1912111437_SHOU-HAN-BF-90-_C456014.pdf?_gl=1*wnbw8z*_gcl_aw*R0NMLjE3MTgwNzk0NjguRUFJYUlRb2JDaE1JMDU2VTN0alNoZ01WRkt0bUFoMzVPd00yRUFBWUFTQUFFZ0llSGZEX0J3RQ..*_gcl_au*NzE3MjE2NTQ3LjE3MTc4MTA3OTc.*_ga*MTA5OTM3NDU3Ny4xNzE3ODEwNDk4*_ga_98M84MKSZH*MTcxODA3ODI1MC4xOS4xLjE3MTgwODcyODIuNjAuMC4w","1.5A USB 2.0 1 Right-Angle 4P Female -25℃~+85℃ Type-B Plugin USB Connectors ROHS","1","C456014","","","","","",""
"U24","USBLC6-2P6","Package_TO_SOT_SMD:SOT-666","https://www.st.com/resource/en/datasheet/usblc6-2.pdf","5A 17V 6V Unidirectional 5.25V SOT-666-6 Electrostatic and Surge Protection (TVS/ESD) ROHS","1","C15999","","","","","",""
